{"cameraMode":{"drawMode":0,"name":"Shaded","section":"Shading Mode"},"sceneLighting":true,"audioPlay":false,"sceneViewState":{"showFog":true,"showMaterialUpdate":false,"showSkybox":true,"showFlares":true,"showImageEffects":true,"showParticleSystems":true},"in2DMode":false,"pivot":{"x":-0.5572378635406494,"y":1.7550287246704102,"z":0.20166248083114625},"rotation":{"x":-0.08064457774162293,"y":0.9051285982131958,"z":-0.1988997906446457,"w":-0.36698779463768008},"size":2.4073948860168459,"orthographic":false}